ID_Étudiant,Âge,Sexe,Région,Niveau_Éducation_Parents,Note_Moyenne,Taux_Absentéisme,Devoirs_Remis,Temps_Moodle_Heures,Participation_Forums,Satisfaction,Abandon,Cluster
Etudiant_1,28,Homme,Périurbain,Secondaire,10.0,46,35,26,0,5,Non,2
Etudiant_2,19,Femme,Rural,Aucun,18.5,48,100,39,11,7,Oui,1
Etudiant_3,18,Femme,Rural,Secondaire,10.4,7,50,43,18,1,Oui,1
Etudiant_4,29,Homme,Rural,Secondaire,16.0,2,46,28,18,3,Oui,0
Etudiant_5,22,Femme,Périurbain,Supérieur,14.5,42,14,13,4,3,Non,2
Etudiant_6,21,Homme,Périurbain,Secondaire,1.6,26,72,5,18,4,Non,0
Etudiant_7,21,Homme,Rural,Supérieur,12.0,39,25,6,6,6,Oui,2
Etudiant_8,20,Homme,Rural,Supérieur,16.4,49,75,8,15,7,Non,1
Etudiant_9,29,Femme,Rural,Aucun,10.9,1,69,48,17,10,Non,1
Etudiant_10,19,Femme,Urbain,Aucun,6.4,15,23,7,9,8,Non,2
Etudiant_11,28,Homme,Périurbain,Aucun,1.6,13,87,37,5,3,Oui,1
Etudiant_12,29,Homme,Urbain,Aucun,13.2,4,98,46,15,6,Non,1
Etudiant_13,26,Homme,Périurbain,Supérieur,6.1,6,70,24,1,3,Non,1
Etudiant_14,19,Homme,Rural,Aucun,12.1,38,3,22,2,2,Non,2
Etudiant_15,27,Femme,Urbain,Supérieur,8.5,2,93,27,1,8,Oui,1
Etudiant_16,24,Homme,Rural,Aucun,13.8,28,59,20,7,6,Non,2
Etudiant_17,18,Homme,Urbain,Secondaire,7.0,38,90,50,19,3,Oui,1
Etudiant_18,18,Femme,Rural,Secondaire,0.8,43,26,8,7,6,Non,0
Etudiant_19,19,Femme,Périurbain,Supérieur,17.4,45,56,15,0,1,Oui,2
Etudiant_20,21,Homme,Rural,Secondaire,7.1,3,37,17,16,1,Oui,0
Etudiant_21,21,Femme,Périurbain,Secondaire,20.0,15,88,41,15,8,Oui,1
Etudiant_22,26,Homme,Rural,Supérieur,5.5,47,8,5,0,5,Oui,0
Etudiant_23,27,Homme,Rural,Secondaire,19.6,2,52,15,10,4,Oui,2
Etudiant_24,18,Femme,Périurbain,Secondaire,19.0,25,86,35,19,3,Oui,1
Etudiant_25,26,Homme,Périurbain,Secondaire,1.5,28,63,38,6,10,Oui,1
Etudiant_26,21,Femme,Urbain,Aucun,12.8,14,17,38,4,3,Non,2
Etudiant_27,29,Homme,Rural,Supérieur,7.3,34,81,46,10,8,Oui,1
Etudiant_28,28,Homme,Urbain,Aucun,16.0,13,38,38,5,2,Oui,2
Etudiant_29,29,Femme,Urbain,Secondaire,13.6,48,30,18,10,3,Non,0
Etudiant_30,26,Femme,Périurbain,Secondaire,19.1,49,32,49,1,10,Oui,2
Etudiant_31,24,Femme,Périurbain,Aucun,2.9,3,84,44,0,7,Oui,1
Etudiant_32,21,Homme,Rural,Secondaire,12.2,8,19,1,4,7,Oui,2
Etudiant_33,25,Homme,Urbain,Supérieur,15.6,32,91,42,18,7,Non,1
Etudiant_34,27,Homme,Rural,Supérieur,0.7,18,54,19,4,7,Non,0
Etudiant_35,22,Homme,Urbain,Supérieur,1.3,14,48,13,3,8,Oui,1
Etudiant_36,30,Femme,Périurbain,Secondaire,15.6,46,9,33,16,7,Oui,0
Etudiant_37,18,Femme,Rural,Supérieur,7.3,36,57,38,11,1,Oui,1
Etudiant_38,30,Femme,Urbain,Supérieur,7.7,20,76,32,2,1,Oui,1
Etudiant_39,30,Homme,Périurbain,Secondaire,11.3,36,61,12,11,9,Oui,0
Etudiant_40,20,Femme,Urbain,Aucun,12.1,38,74,47,12,4,Non,1
Etudiant_41,29,Femme,Rural,Aucun,13.6,49,51,25,18,6,Oui,0
Etudiant_42,24,Femme,Périurbain,Secondaire,19.0,43,68,18,3,1,Oui,2
Etudiant_43,23,Femme,Urbain,Supérieur,7.4,20,64,41,10,6,Non,1
Etudiant_44,22,Homme,Urbain,Aucun,15.3,15,88,3,9,9,Non,1
Etudiant_45,20,Homme,Rural,Aucun,11.5,19,53,50,10,4,Non,1
Etudiant_46,21,Femme,Rural,Aucun,10.6,9,69,50,4,1,Non,1
Etudiant_47,30,Homme,Rural,Secondaire,8.0,42,4,15,5,1,Non,0
Etudiant_48,23,Femme,Périurbain,Aucun,13.0,33,46,31,13,4,Non,2
Etudiant_49,19,Homme,Périurbain,Aucun,5.0,14,89,24,20,4,Non,1
Etudiant_50,19,Homme,Rural,Secondaire,2.3,26,68,7,15,6,Oui,0
Etudiant_51,24,Femme,Périurbain,Secondaire,14.7,19,76,15,20,5,Non,1
Etudiant_52,19,Femme,Urbain,Secondaire,10.0,17,81,31,10,3,Oui,1
Etudiant_53,23,Femme,Rural,Aucun,7.7,3,10,40,5,2,Oui,2
Etudiant_54,23,Femme,Périurbain,Aucun,11.2,35,13,38,17,7,Oui,0
Etudiant_55,27,Homme,Périurbain,Secondaire,5.2,37,98,4,19,9,Oui,0
Etudiant_56,22,Femme,Rural,Supérieur,5.2,47,31,33,11,10,Oui,0
Etudiant_57,30,Homme,Rural,Secondaire,8.9,11,84,0,7,5,Non,1
Etudiant_58,18,Femme,Périurbain,Aucun,19.9,40,85,23,18,3,Oui,1
Etudiant_59,29,Homme,Périurbain,Aucun,5.7,43,45,20,5,2,Non,0
Etudiant_60,25,Femme,Rural,Secondaire,18.3,27,21,8,12,1,Non,2
Etudiant_61,26,Homme,Périurbain,Supérieur,9.8,35,82,24,9,5,Oui,1
Etudiant_62,19,Homme,Urbain,Supérieur,2.5,31,78,36,9,5,Non,1
Etudiant_63,24,Femme,Périurbain,Aucun,17.1,3,5,26,4,8,Non,2
Etudiant_64,19,Femme,Urbain,Supérieur,9.0,22,72,23,5,9,Non,1
Etudiant_65,26,Homme,Urbain,Supérieur,18.0,41,82,34,0,10,Non,1
Etudiant_66,22,Femme,Périurbain,Supérieur,8.9,42,86,43,18,9,Oui,1
Etudiant_67,28,Femme,Périurbain,Secondaire,1.8,24,82,11,12,6,Non,0
Etudiant_68,27,Homme,Rural,Aucun,13.6,50,51,48,18,7,Oui,0
Etudiant_69,23,Femme,Urbain,Secondaire,16.9,33,96,30,1,3,Oui,1
Etudiant_70,27,Femme,Périurbain,Supérieur,6.4,20,42,49,5,6,Oui,1
Etudiant_71,21,Femme,Urbain,Aucun,6.9,44,55,4,19,8,Non,0
Etudiant_72,29,Femme,Rural,Secondaire,1.3,26,13,1,10,6,Non,0
Etudiant_73,19,Femme,Urbain,Aucun,10.8,26,1,37,19,4,Oui,2
Etudiant_74,18,Femme,Périurbain,Secondaire,17.8,9,12,4,7,3,Non,2
Etudiant_75,28,Homme,Périurbain,Aucun,17.0,19,33,0,20,7,Non,0
Etudiant_76,21,Homme,Urbain,Secondaire,14.2,24,28,16,18,1,Oui,2
Etudiant_77,30,Femme,Rural,Supérieur,18.5,11,65,13,3,4,Oui,2
Etudiant_78,22,Femme,Urbain,Secondaire,12.8,48,95,2,15,4,Oui,1
Etudiant_79,19,Homme,Périurbain,Supérieur,15.9,34,66,3,4,3,Oui,2
Etudiant_80,21,Femme,Rural,Secondaire,10.2,30,71,50,10,4,Oui,1
Etudiant_81,19,Femme,Urbain,Supérieur,2.4,15,74,25,2,1,Non,1
Etudiant_82,24,Homme,Urbain,Supérieur,4.0,14,88,32,7,10,Oui,1
Etudiant_83,22,Femme,Rural,Secondaire,2.8,19,73,18,11,9,Non,1
Etudiant_84,25,Femme,Urbain,Secondaire,15.8,45,28,40,10,3,Oui,2
Etudiant_85,28,Homme,Rural,Aucun,0.5,9,57,45,5,2,Non,1
Etudiant_86,23,Femme,Rural,Secondaire,11.1,29,47,32,20,6,Oui,0
Etudiant_87,20,Femme,Rural,Aucun,7.4,3,50,49,2,1,Non,1
Etudiant_88,23,Femme,Rural,Secondaire,16.1,35,59,26,20,7,Oui,0
Etudiant_89,23,Femme,Urbain,Aucun,11.0,26,98,27,10,5,Oui,1
Etudiant_90,21,Femme,Urbain,Supérieur,12.2,26,86,44,14,9,Oui,1
Etudiant_91,28,Homme,Périurbain,Secondaire,1.7,35,75,25,0,10,Oui,1
Etudiant_92,22,Femme,Rural,Supérieur,6.2,33,88,5,8,1,Non,1
Etudiant_93,29,Homme,Périurbain,Secondaire,20.0,8,64,40,6,10,Oui,2
Etudiant_94,28,Homme,Périurbain,Aucun,14.4,24,19,34,7,1,Oui,2
Etudiant_95,28,Femme,Urbain,Secondaire,10.5,15,44,34,2,2,Oui,2
Etudiant_96,19,Femme,Urbain,Aucun,15.4,16,3,39,11,1,Oui,2
Etudiant_97,27,Homme,Urbain,Aucun,16.5,13,61,9,8,1,Non,2
Etudiant_98,28,Homme,Urbain,Secondaire,1.5,21,13,17,3,2,Oui,0
Etudiant_99,20,Femme,Périurbain,Supérieur,19.4,41,37,5,0,7,Non,2
Etudiant_100,26,Homme,Rural,Secondaire,12.8,5,53,19,1,8,Oui,2
Etudiant_101,29,Homme,Périurbain,Supérieur,9.0,28,10,5,12,7,Non,0
Etudiant_102,21,Homme,Périurbain,Aucun,13.6,23,14,32,14,2,Oui,2
Etudiant_103,20,Homme,Urbain,Secondaire,6.9,5,93,13,13,9,Oui,1
Etudiant_104,25,Homme,Rural,Secondaire,17.6,34,18,9,5,5,Non,2
Etudiant_105,24,Homme,Périurbain,Supérieur,15.6,46,44,34,13,8,Non,2
Etudiant_106,22,Femme,Urbain,Secondaire,12.8,12,39,20,15,3,Non,2
Etudiant_107,28,Homme,Urbain,Aucun,3.6,3,43,25,12,4,Oui,0
Etudiant_108,29,Femme,Rural,Secondaire,19.3,17,58,37,11,1,Oui,2
Etudiant_109,26,Femme,Périurbain,Aucun,8.7,24,100,40,17,5,Oui,1
Etudiant_110,21,Homme,Rural,Aucun,18.2,43,26,48,12,7,Non,2
Etudiant_111,28,Femme,Rural,Supérieur,1.1,38,66,41,3,2,Oui,0
Etudiant_112,23,Femme,Rural,Supérieur,2.5,38,61,43,15,9,Oui,0
Etudiant_113,30,Femme,Périurbain,Aucun,3.1,2,44,41,18,5,Non,0
Etudiant_114,30,Homme,Urbain,Supérieur,3.3,4,60,4,20,10,Non,0
Etudiant_115,18,Homme,Rural,Supérieur,6.5,12,12,19,7,10,Non,2
Etudiant_116,21,Homme,Rural,Aucun,14.2,48,56,44,5,3,Non,2
Etudiant_117,18,Homme,Périurbain,Secondaire,6.9,37,92,27,14,7,Non,1
Etudiant_118,30,Femme,Périurbain,Secondaire,18.8,46,89,46,2,2,Oui,1
Etudiant_119,23,Homme,Urbain,Supérieur,17.9,42,57,15,1,9,Non,2
Etudiant_120,24,Homme,Urbain,Supérieur,16.9,35,40,3,9,10,Non,2
Etudiant_121,22,Femme,Rural,Aucun,5.0,13,8,15,0,2,Non,2
Etudiant_122,19,Homme,Rural,Aucun,12.7,30,38,5,10,5,Oui,2
Etudiant_123,21,Homme,Périurbain,Aucun,11.0,13,5,27,8,2,Oui,2
Etudiant_124,27,Homme,Rural,Aucun,2.5,21,90,7,3,2,Non,1
Etudiant_125,29,Femme,Périurbain,Secondaire,6.1,19,14,29,2,8,Oui,2
Etudiant_126,23,Homme,Rural,Aucun,10.7,0,2,39,10,4,Oui,2
Etudiant_127,21,Femme,Périurbain,Aucun,10.1,13,43,38,5,10,Non,2
Etudiant_128,28,Femme,Rural,Supérieur,3.4,12,82,3,12,4,Non,0
Etudiant_129,25,Femme,Rural,Aucun,18.8,47,13,19,5,5,Non,2
Etudiant_130,24,Femme,Rural,Supérieur,3.1,7,86,42,2,9,Oui,1
Etudiant_131,28,Femme,Urbain,Aucun,13.2,47,21,47,17,4,Non,0
Etudiant_132,25,Homme,Rural,Aucun,14.4,48,94,42,2,6,Non,1
Etudiant_133,20,Femme,Rural,Supérieur,12.1,30,31,47,10,7,Non,2
Etudiant_134,22,Femme,Urbain,Secondaire,16.9,15,66,11,19,5,Non,1
Etudiant_135,20,Femme,Urbain,Secondaire,11.3,44,22,7,19,3,Non,0
Etudiant_136,21,Homme,Rural,Supérieur,16.5,38,70,0,15,1,Non,2
Etudiant_137,29,Femme,Périurbain,Supérieur,0.6,45,20,45,0,9,Non,0
Etudiant_138,26,Femme,Rural,Secondaire,0.9,13,42,8,13,8,Oui,0
Etudiant_139,26,Homme,Périurbain,Supérieur,12.8,25,71,44,20,4,Oui,1
Etudiant_140,22,Femme,Rural,Supérieur,11.5,15,54,0,5,8,Oui,2
Etudiant_141,29,Femme,Périurbain,Supérieur,13.0,35,59,10,19,6,Non,0
Etudiant_142,27,Homme,Rural,Supérieur,15.3,20,29,31,13,4,Oui,2
Etudiant_143,24,Femme,Urbain,Supérieur,8.3,49,51,22,5,1,Oui,0
Etudiant_144,27,Homme,Périurbain,Secondaire,12.8,18,80,33,1,1,Non,1
Etudiant_145,24,Femme,Rural,Supérieur,10.0,24,23,33,3,2,Oui,2
Etudiant_146,23,Femme,Rural,Secondaire,12.5,29,23,50,10,2,Oui,2
Etudiant_147,21,Femme,Urbain,Aucun,5.8,34,81,46,6,10,Oui,1
Etudiant_148,20,Homme,Périurbain,Secondaire,19.1,41,84,16,6,8,Oui,1
Etudiant_149,26,Homme,Périurbain,Aucun,9.7,22,55,10,13,3,Non,0
Etudiant_150,25,Homme,Périurbain,Secondaire,16.1,19,50,23,17,2,Oui,0
Etudiant_151,19,Homme,Urbain,Secondaire,13.7,16,3,8,17,9,Oui,2
Etudiant_152,30,Femme,Périurbain,Supérieur,5.9,23,94,47,8,2,Non,1
Etudiant_153,18,Homme,Périurbain,Secondaire,1.5,32,78,49,9,2,Non,1
Etudiant_154,19,Homme,Rural,Secondaire,1.2,31,25,17,9,5,Oui,0
Etudiant_155,20,Homme,Rural,Supérieur,8.8,29,57,46,7,4,Non,1
Etudiant_156,28,Femme,Urbain,Aucun,9.7,6,75,7,3,8,Non,1
Etudiant_157,20,Femme,Périurbain,Secondaire,4.1,46,54,49,1,5,Oui,1
Etudiant_158,30,Femme,Rural,Supérieur,12.1,30,49,1,12,5,Non,0
Etudiant_159,28,Femme,Urbain,Aucun,6.3,48,0,21,18,8,Oui,0
Etudiant_160,24,Femme,Périurbain,Secondaire,14.4,20,90,27,17,1,Non,1
Etudiant_161,27,Homme,Urbain,Secondaire,14.7,13,27,17,15,2,Oui,0
Etudiant_162,19,Homme,Périurbain,Secondaire,17.2,23,26,33,4,3,Non,2
Etudiant_163,24,Femme,Rural,Aucun,19.5,20,35,4,1,1,Non,2
Etudiant_164,24,Femme,Périurbain,Aucun,2.6,26,96,16,11,5,Oui,1
Etudiant_165,27,Homme,Périurbain,Secondaire,7.4,2,90,45,0,6,Oui,1
Etudiant_166,25,Femme,Périurbain,Secondaire,11.2,36,8,36,13,6,Oui,0
Etudiant_167,26,Femme,Périurbain,Aucun,6.4,14,73,40,2,7,Oui,1
Etudiant_168,22,Homme,Urbain,Supérieur,9.3,47,13,4,9,2,Non,0
Etudiant_169,26,Femme,Périurbain,Aucun,5.3,9,68,31,20,2,Oui,0
Etudiant_170,18,Femme,Urbain,Supérieur,5.0,1,23,29,19,1,Oui,0
Etudiant_171,28,Femme,Périurbain,Supérieur,1.9,16,46,32,15,1,Oui,0
Etudiant_172,29,Femme,Périurbain,Supérieur,5.8,35,41,23,6,3,Non,0
Etudiant_173,19,Homme,Urbain,Secondaire,7.7,37,25,3,3,3,Non,2
Etudiant_174,28,Femme,Rural,Secondaire,12.3,37,58,31,0,6,Oui,2
Etudiant_175,26,Homme,Rural,Supérieur,5.0,46,14,36,6,6,Oui,0
Etudiant_176,30,Femme,Urbain,Supérieur,17.3,26,33,10,5,8,Non,2
Etudiant_177,22,Femme,Périurbain,Supérieur,3.2,18,85,23,20,10,Oui,1
Etudiant_178,30,Femme,Rural,Aucun,6.5,9,62,10,9,5,Oui,0
Etudiant_179,28,Homme,Périurbain,Secondaire,11.6,12,67,16,2,2,Non,1
Etudiant_180,23,Femme,Urbain,Supérieur,6.3,21,81,49,15,6,Non,1
Etudiant_181,19,Femme,Urbain,Supérieur,15.3,14,40,6,3,6,Oui,2
Etudiant_182,22,Femme,Rural,Aucun,10.0,24,76,36,9,3,Oui,1
Etudiant_183,24,Homme,Rural,Secondaire,10.3,36,49,43,12,2,Oui,0
Etudiant_184,20,Femme,Périurbain,Supérieur,10.0,15,78,46,15,7,Non,1
Etudiant_185,25,Homme,Rural,Secondaire,6.2,31,50,7,15,7,Non,0
Etudiant_186,18,Homme,Urbain,Supérieur,0.5,35,75,14,8,8,Non,1
Etudiant_187,29,Femme,Urbain,Aucun,18.9,41,14,47,2,5,Non,2
Etudiant_188,29,Homme,Urbain,Aucun,10.1,43,44,32,20,7,Oui,0
Etudiant_189,22,Homme,Périurbain,Secondaire,19.3,21,45,0,17,8,Oui,2
Etudiant_190,26,Femme,Rural,Aucun,4.3,16,58,2,12,7,Non,0
Etudiant_191,30,Homme,Périurbain,Secondaire,7.1,48,79,0,5,3,Oui,0
Etudiant_192,20,Femme,Périurbain,Supérieur,1.0,31,22,15,11,2,Non,0
Etudiant_193,26,Homme,Rural,Aucun,9.9,46,86,2,12,3,Non,0
Etudiant_194,19,Homme,Urbain,Supérieur,17.6,41,90,30,11,1,Oui,1
Etudiant_195,28,Femme,Rural,Supérieur,13.1,47,38,23,5,3,Non,2
Etudiant_196,22,Femme,Rural,Aucun,9.4,31,78,24,14,2,Non,1
Etudiant_197,28,Femme,Rural,Aucun,10.7,29,75,9,1,7,Non,1
Etudiant_198,26,Homme,Périurbain,Aucun,16.9,10,10,11,8,10,Oui,2
Etudiant_199,27,Femme,Rural,Supérieur,8.6,46,86,2,14,8,Non,0
Etudiant_200,21,Femme,Urbain,Secondaire,17.6,50,17,35,14,10,Non,2
Etudiant_201,20,Femme,Rural,Secondaire,14.6,22,40,45,8,8,Oui,2
Etudiant_202,23,Femme,Urbain,Supérieur,15.3,10,15,47,7,3,Non,2
Etudiant_203,30,Femme,Urbain,Supérieur,7.3,8,30,41,8,10,Non,0
Etudiant_204,20,Femme,Urbain,Supérieur,8.0,46,39,26,18,7,Non,0
Etudiant_205,26,Femme,Périurbain,Aucun,11.4,34,14,14,1,6,Non,2
Etudiant_206,30,Homme,Périurbain,Secondaire,3.9,31,23,20,4,10,Non,0
Etudiant_207,26,Femme,Périurbain,Secondaire,11.1,11,47,15,3,1,Oui,2
Etudiant_208,18,Homme,Rural,Secondaire,1.5,34,88,26,2,3,Oui,1
Etudiant_209,27,Homme,Périurbain,Secondaire,10.1,41,18,46,11,8,Non,0
Etudiant_210,23,Femme,Rural,Secondaire,15.3,3,65,20,17,8,Oui,1
Etudiant_211,25,Homme,Urbain,Secondaire,5.6,33,49,17,13,2,Oui,0
Etudiant_212,18,Homme,Rural,Supérieur,19.8,2,53,4,18,7,Oui,2
Etudiant_213,19,Homme,Urbain,Supérieur,13.6,4,76,36,7,8,Non,1
Etudiant_214,23,Homme,Rural,Aucun,2.4,42,17,23,17,1,Oui,0
Etudiant_215,30,Homme,Périurbain,Supérieur,19.5,3,73,7,1,2,Oui,2
Etudiant_216,22,Homme,Urbain,Supérieur,7.9,48,49,32,12,5,Oui,0
Etudiant_217,21,Homme,Rural,Secondaire,15.9,0,54,43,16,6,Oui,1
Etudiant_218,18,Homme,Rural,Aucun,6.8,26,23,3,13,1,Non,0
Etudiant_219,21,Homme,Périurbain,Secondaire,18.8,8,62,11,17,9,Oui,2
Etudiant_220,27,Homme,Périurbain,Aucun,15.1,40,81,14,15,10,Oui,1
Etudiant_221,19,Femme,Périurbain,Supérieur,4.0,14,68,33,18,10,Non,1
Etudiant_222,19,Homme,Rural,Supérieur,10.2,4,88,2,7,4,Non,1
Etudiant_223,29,Homme,Périurbain,Secondaire,10.0,45,82,25,15,6,Oui,0
Etudiant_224,25,Femme,Rural,Secondaire,0.9,9,22,4,9,9,Non,0
Etudiant_225,19,Femme,Périurbain,Secondaire,2.7,0,71,29,2,9,Non,1
Etudiant_226,30,Femme,Rural,Supérieur,6.7,13,21,18,12,10,Non,0
Etudiant_227,26,Homme,Urbain,Supérieur,9.5,32,62,49,1,2,Oui,1
Etudiant_228,30,Homme,Périurbain,Supérieur,9.1,29,36,19,16,7,Oui,0
Etudiant_229,20,Homme,Urbain,Aucun,12.1,23,17,20,18,4,Non,2
Etudiant_230,20,Femme,Rural,Secondaire,10.3,3,23,5,16,8,Oui,2
Etudiant_231,28,Homme,Urbain,Aucun,6.6,39,40,35,18,6,Oui,0
Etudiant_232,25,Homme,Périurbain,Supérieur,12.3,40,57,29,19,7,Oui,0
Etudiant_233,26,Femme,Périurbain,Supérieur,3.3,42,79,0,4,3,Oui,0
Etudiant_234,20,Femme,Rural,Aucun,19.8,39,6,23,3,9,Oui,2
Etudiant_235,22,Femme,Périurbain,Secondaire,14.8,30,45,12,14,10,Oui,2
Etudiant_236,26,Homme,Urbain,Secondaire,6.0,42,1,18,5,1,Oui,0
Etudiant_237,27,Homme,Périurbain,Supérieur,6.7,31,62,36,5,1,Oui,1
Etudiant_238,24,Homme,Urbain,Supérieur,16.6,1,17,50,6,3,Oui,2
Etudiant_239,21,Homme,Périurbain,Supérieur,10.6,0,24,19,6,9,Oui,2
Etudiant_240,26,Femme,Rural,Secondaire,14.2,34,49,47,4,8,Non,2
Etudiant_241,30,Homme,Périurbain,Aucun,6.0,35,71,39,1,8,Oui,1
Etudiant_242,29,Homme,Rural,Supérieur,16.3,26,64,15,13,3,Non,0
Etudiant_243,29,Femme,Périurbain,Supérieur,7.4,0,83,29,2,2,Oui,1
Etudiant_244,21,Femme,Rural,Aucun,13.5,1,63,23,13,8,Non,1
Etudiant_245,29,Femme,Urbain,Secondaire,19.6,33,52,37,6,6,Oui,2
Etudiant_246,22,Homme,Urbain,Supérieur,11.7,46,87,31,20,4,Oui,1
Etudiant_247,24,Femme,Urbain,Secondaire,15.9,17,62,49,4,6,Non,1
Etudiant_248,28,Homme,Urbain,Supérieur,14.5,34,53,49,19,5,Non,0
Etudiant_249,28,Femme,Rural,Secondaire,13.8,18,90,12,8,1,Non,1
Etudiant_250,23,Femme,Rural,Aucun,0.5,1,56,46,10,9,Oui,1
Etudiant_251,25,Homme,Urbain,Supérieur,9.5,32,62,34,2,4,Oui,1
Etudiant_252,26,Femme,Urbain,Supérieur,19.3,44,21,48,2,9,Non,2
Etudiant_253,25,Femme,Urbain,Supérieur,15.7,43,10,50,12,7,Oui,2
Etudiant_254,19,Femme,Périurbain,Supérieur,15.5,27,72,15,17,7,Oui,1
Etudiant_255,21,Homme,Urbain,Supérieur,11.6,11,3,9,12,4,Non,2
Etudiant_256,21,Femme,Rural,Aucun,14.4,6,97,0,17,2,Oui,1
Etudiant_257,19,Homme,Rural,Supérieur,11.7,6,28,26,10,8,Non,2
Etudiant_258,23,Femme,Rural,Supérieur,3.4,33,37,1,8,8,Non,0
Etudiant_259,18,Femme,Périurbain,Secondaire,12.6,9,4,14,16,10,Oui,2
Etudiant_260,27,Femme,Périurbain,Supérieur,12.4,15,35,34,14,8,Oui,0
Etudiant_261,26,Femme,Périurbain,Secondaire,16.8,12,28,22,0,2,Non,2
Etudiant_262,21,Femme,Périurbain,Aucun,3.0,39,68,40,19,8,Non,0
Etudiant_263,27,Femme,Rural,Secondaire,13.6,33,36,44,18,8,Oui,0
Etudiant_264,21,Homme,Périurbain,Secondaire,0.6,16,21,0,16,6,Oui,0
Etudiant_265,18,Homme,Périurbain,Aucun,19.0,22,99,21,13,2,Oui,1
Etudiant_266,19,Femme,Périurbain,Aucun,2.2,17,58,0,3,8,Oui,1
Etudiant_267,29,Femme,Urbain,Secondaire,0.4,50,72,48,13,1,Non,0
Etudiant_268,28,Homme,Rural,Secondaire,6.3,25,95,42,4,2,Oui,1
Etudiant_269,18,Femme,Périurbain,Aucun,3.0,5,98,24,4,7,Oui,1
Etudiant_270,21,Femme,Urbain,Aucun,13.8,23,98,47,18,7,Oui,1
Etudiant_271,19,Femme,Rural,Aucun,8.2,25,63,46,18,1,Non,1
Etudiant_272,18,Homme,Périurbain,Aucun,15.5,29,70,19,18,9,Oui,1
Etudiant_273,23,Femme,Rural,Aucun,18.4,36,65,6,3,9,Oui,2
Etudiant_274,19,Femme,Rural,Secondaire,17.5,15,14,13,3,1,Oui,2
Etudiant_275,26,Homme,Urbain,Aucun,14.7,44,73,33,18,2,Non,0
Etudiant_276,21,Femme,Périurbain,Supérieur,1.2,14,14,15,3,10,Oui,2
Etudiant_277,22,Homme,Rural,Supérieur,2.8,19,34,26,9,10,Oui,0
Etudiant_278,28,Femme,Urbain,Supérieur,4.1,43,99,31,17,5,Non,0
Etudiant_279,25,Femme,Rural,Supérieur,6.5,5,69,3,11,9,Non,1
Etudiant_280,21,Femme,Rural,Aucun,13.2,41,46,9,13,9,Non,2
Etudiant_281,26,Femme,Urbain,Supérieur,10.5,41,69,45,8,4,Oui,1
Etudiant_282,20,Femme,Rural,Secondaire,6.3,48,96,17,12,8,Non,1
Etudiant_283,29,Homme,Urbain,Supérieur,3.5,2,5,5,20,6,Oui,0
Etudiant_284,27,Homme,Périurbain,Aucun,18.2,5,97,2,15,6,Non,1
Etudiant_285,27,Homme,Rural,Supérieur,6.8,25,92,14,18,1,Non,0
Etudiant_286,25,Homme,Périurbain,Secondaire,7.1,24,56,33,19,4,Non,0
Etudiant_287,21,Femme,Périurbain,Aucun,15.4,24,69,26,15,8,Oui,1
Etudiant_288,30,Femme,Rural,Aucun,14.4,35,27,44,1,6,Non,2
Etudiant_289,25,Homme,Urbain,Aucun,12.9,30,54,23,5,9,Oui,2
Etudiant_290,30,Femme,Rural,Supérieur,13.9,3,13,29,8,10,Non,2
Etudiant_291,24,Femme,Rural,Supérieur,12.2,40,94,47,12,10,Non,1
Etudiant_292,21,Femme,Urbain,Aucun,3.8,0,83,5,4,8,Oui,1
Etudiant_293,19,Homme,Urbain,Supérieur,4.9,44,96,37,19,6,Oui,1
Etudiant_294,19,Homme,Rural,Secondaire,11.2,10,31,6,19,8,Non,2
Etudiant_295,28,Femme,Urbain,Aucun,4.5,5,38,32,12,2,Non,0
Etudiant_296,24,Homme,Périurbain,Secondaire,19.5,31,4,8,1,2,Non,2
Etudiant_297,23,Femme,Urbain,Secondaire,6.0,27,57,40,12,4,Oui,1
Etudiant_298,24,Homme,Périurbain,Supérieur,5.8,41,33,25,10,1,Oui,0
Etudiant_299,24,Femme,Périurbain,Supérieur,4.1,50,44,4,7,6,Oui,0
Etudiant_300,25,Femme,Périurbain,Aucun,14.1,21,11,37,1,6,Oui,2
Etudiant_301,29,Femme,Urbain,Secondaire,6.3,36,56,36,15,5,Oui,0
Etudiant_302,18,Femme,Urbain,Supérieur,7.0,6,15,3,8,9,Non,2
Etudiant_303,28,Femme,Rural,Secondaire,18.7,33,99,27,11,9,Oui,1
Etudiant_304,28,Femme,Urbain,Supérieur,15.9,2,30,42,0,6,Non,2
Etudiant_305,28,Femme,Urbain,Secondaire,5.5,14,26,8,10,2,Non,0
Etudiant_306,19,Femme,Périurbain,Aucun,2.4,13,94,15,9,1,Non,1
Etudiant_307,18,Femme,Urbain,Supérieur,13.5,44,75,18,9,3,Oui,1
Etudiant_308,24,Femme,Urbain,Aucun,7.6,36,88,16,8,8,Oui,1
Etudiant_309,29,Femme,Périurbain,Secondaire,19.6,30,44,20,15,3,Non,2
Etudiant_310,23,Homme,Urbain,Secondaire,16.4,17,90,25,3,7,Non,1
Etudiant_311,30,Homme,Périurbain,Aucun,19.1,2,78,44,7,2,Non,1
Etudiant_312,19,Homme,Urbain,Secondaire,16.1,4,80,47,4,5,Non,1
Etudiant_313,21,Femme,Urbain,Supérieur,5.8,43,54,20,9,10,Non,0
Etudiant_314,21,Homme,Rural,Supérieur,5.8,17,21,20,14,4,Non,0
Etudiant_315,21,Homme,Urbain,Secondaire,14.3,34,78,28,10,4,Non,1
Etudiant_316,26,Homme,Périurbain,Secondaire,6.9,36,17,17,8,2,Oui,0
Etudiant_317,25,Homme,Urbain,Secondaire,8.8,42,100,14,13,7,Non,1
Etudiant_318,20,Femme,Rural,Secondaire,5.1,2,26,4,19,4,Non,0
Etudiant_319,24,Femme,Urbain,Supérieur,9.6,11,26,12,20,8,Oui,0
Etudiant_320,20,Femme,Urbain,Supérieur,4.0,20,7,8,2,4,Non,2
Etudiant_321,22,Homme,Périurbain,Secondaire,10.8,1,72,49,6,6,Non,1
Etudiant_322,25,Homme,Rural,Aucun,18.7,13,44,49,14,2,Non,2
Etudiant_323,21,Femme,Urbain,Aucun,13.9,37,68,37,6,7,Non,1
Etudiant_324,19,Homme,Urbain,Supérieur,2.7,9,35,6,13,1,Non,0
Etudiant_325,25,Femme,Périurbain,Aucun,12.3,48,76,9,15,10,Non,0
Etudiant_326,30,Homme,Urbain,Secondaire,11.7,45,68,6,16,2,Oui,0
Etudiant_327,26,Femme,Urbain,Aucun,4.8,25,21,10,11,8,Oui,0
Etudiant_328,19,Homme,Urbain,Supérieur,13.4,4,41,28,1,8,Oui,2
Etudiant_329,18,Homme,Rural,Secondaire,10.6,19,90,29,16,10,Non,1
Etudiant_330,28,Femme,Urbain,Secondaire,12.8,10,37,20,5,9,Oui,2
Etudiant_331,26,Homme,Périurbain,Supérieur,1.0,36,37,26,2,3,Oui,0
Etudiant_332,18,Homme,Rural,Aucun,8.3,15,73,7,9,8,Oui,1
Etudiant_333,19,Femme,Urbain,Supérieur,14.3,36,34,34,16,1,Non,2
Etudiant_334,30,Homme,Urbain,Supérieur,2.0,24,65,22,12,9,Non,0
Etudiant_335,21,Femme,Rural,Aucun,15.4,43,86,49,4,1,Oui,1
Etudiant_336,20,Homme,Urbain,Secondaire,0.1,34,12,13,16,9,Oui,0
Etudiant_337,24,Homme,Urbain,Aucun,11.0,21,17,28,18,7,Non,0
Etudiant_338,25,Femme,Périurbain,Aucun,18.6,24,96,19,0,10,Oui,1
Etudiant_339,25,Femme,Rural,Secondaire,8.1,48,100,29,5,8,Oui,1
Etudiant_340,21,Femme,Périurbain,Secondaire,18.7,47,52,16,6,9,Oui,2
Etudiant_341,24,Femme,Urbain,Supérieur,17.6,8,7,7,6,3,Non,2
Etudiant_342,18,Femme,Périurbain,Aucun,9.5,50,35,5,1,10,Non,2
Etudiant_343,20,Homme,Urbain,Secondaire,4.0,44,83,10,7,3,Oui,1
Etudiant_344,24,Homme,Rural,Aucun,19.3,46,16,43,1,3,Oui,2
Etudiant_345,18,Femme,Rural,Aucun,6.4,5,89,19,14,2,Non,1
Etudiant_346,24,Femme,Rural,Secondaire,12.9,32,16,45,1,7,Oui,2
Etudiant_347,22,Homme,Périurbain,Secondaire,18.2,47,31,44,11,10,Non,2
Etudiant_348,30,Homme,Périurbain,Aucun,1.8,22,18,38,6,10,Oui,0
Etudiant_349,30,Femme,Urbain,Secondaire,11.5,3,91,2,8,6,Oui,1
Etudiant_350,25,Femme,Rural,Aucun,10.7,6,41,13,11,9,Non,2
Etudiant_351,22,Homme,Périurbain,Secondaire,14.5,27,31,20,14,7,Non,2
Etudiant_352,24,Homme,Urbain,Supérieur,18.7,14,97,9,16,7,Non,1
Etudiant_353,29,Homme,Périurbain,Secondaire,18.3,4,86,5,12,10,Oui,1
Etudiant_354,29,Homme,Urbain,Aucun,3.5,21,50,45,20,4,Oui,0
Etudiant_355,30,Femme,Périurbain,Secondaire,17.6,38,62,15,3,5,Non,2
Etudiant_356,26,Homme,Périurbain,Aucun,3.5,49,18,22,0,7,Non,0
Etudiant_357,28,Homme,Périurbain,Secondaire,18.4,39,73,25,7,6,Oui,2
Etudiant_358,29,Homme,Rural,Aucun,19.9,38,80,32,11,5,Oui,1
Etudiant_359,25,Femme,Rural,Aucun,7.9,25,34,3,15,8,Non,0
Etudiant_360,20,Homme,Périurbain,Secondaire,9.9,49,80,43,19,3,Oui,1
Etudiant_361,21,Femme,Urbain,Aucun,18.7,20,53,19,14,3,Oui,2
Etudiant_362,22,Femme,Urbain,Supérieur,19.2,1,48,16,5,7,Oui,2
Etudiant_363,21,Femme,Rural,Supérieur,18.5,40,57,11,15,10,Oui,2
Etudiant_364,18,Femme,Rural,Secondaire,17.5,17,9,1,18,9,Oui,2
Etudiant_365,27,Femme,Rural,Aucun,0.2,50,81,25,17,5,Non,0
Etudiant_366,29,Femme,Périurbain,Aucun,11.4,28,98,28,11,9,Oui,1
Etudiant_367,26,Homme,Urbain,Aucun,2.1,31,11,35,11,6,Oui,0
Etudiant_368,18,Homme,Rural,Secondaire,19.7,14,51,47,5,9,Oui,2
Etudiant_369,29,Homme,Périurbain,Secondaire,5.7,22,65,35,8,4,Oui,0
Etudiant_370,23,Homme,Rural,Supérieur,19.8,35,95,15,2,4,Non,1
Etudiant_371,18,Femme,Urbain,Aucun,10.9,24,35,6,9,4,Non,2
Etudiant_372,18,Homme,Urbain,Supérieur,9.9,27,88,29,0,10,Non,1
Etudiant_373,27,Homme,Rural,Secondaire,18.8,11,47,6,12,5,Non,2
Etudiant_374,25,Homme,Périurbain,Secondaire,17.0,43,58,50,1,6,Non,2
Etudiant_375,26,Homme,Urbain,Supérieur,9.4,37,62,8,5,3,Oui,0
Etudiant_376,26,Homme,Urbain,Aucun,3.9,42,41,7,18,3,Oui,0
Etudiant_377,20,Homme,Urbain,Aucun,2.3,24,74,0,6,9,Oui,1
Etudiant_378,18,Homme,Rural,Aucun,3.2,5,0,3,7,9,Oui,2
Etudiant_379,26,Femme,Périurbain,Secondaire,9.2,49,99,49,20,6,Non,1
Etudiant_380,19,Femme,Périurbain,Aucun,5.1,39,93,14,7,2,Non,1
Etudiant_381,20,Femme,Périurbain,Aucun,3.7,18,11,8,6,6,Non,2
Etudiant_382,19,Femme,Périurbain,Supérieur,14.7,15,93,12,8,9,Non,1
Etudiant_383,27,Homme,Périurbain,Supérieur,15.8,45,58,25,20,8,Oui,0
Etudiant_384,19,Homme,Rural,Supérieur,11.4,4,81,23,13,10,Oui,1
Etudiant_385,28,Femme,Rural,Supérieur,15.1,5,85,43,16,10,Non,1
Etudiant_386,21,Femme,Périurbain,Secondaire,3.5,17,89,40,0,7,Non,1
Etudiant_387,24,Femme,Périurbain,Aucun,17.1,9,45,41,0,9,Oui,2
Etudiant_388,19,Homme,Rural,Secondaire,17.9,24,8,5,15,5,Non,2
Etudiant_389,27,Homme,Rural,Aucun,16.5,45,68,37,4,7,Oui,1
Etudiant_390,21,Femme,Périurbain,Secondaire,10.3,50,50,37,20,1,Non,0
Etudiant_391,27,Homme,Périurbain,Aucun,1.7,40,27,16,5,9,Oui,0
Etudiant_392,27,Femme,Rural,Aucun,13.4,9,54,4,19,2,Oui,0
Etudiant_393,18,Homme,Urbain,Aucun,3.7,47,27,1,0,1,Non,2
Etudiant_394,27,Homme,Périurbain,Secondaire,2.8,24,63,4,7,7,Non,0
Etudiant_395,19,Homme,Urbain,Supérieur,6.5,20,34,12,8,3,Oui,2
Etudiant_396,24,Femme,Périurbain,Supérieur,5.0,23,41,41,19,1,Non,0
Etudiant_397,28,Homme,Périurbain,Secondaire,5.2,6,36,28,9,1,Non,0
Etudiant_398,27,Homme,Périurbain,Aucun,4.7,5,43,8,20,4,Non,0
Etudiant_399,27,Homme,Périurbain,Aucun,15.1,0,70,5,8,5,Non,1
Etudiant_400,26,Homme,Urbain,Secondaire,19.1,19,73,21,13,3,Non,1
Etudiant_401,23,Femme,Rural,Supérieur,6.0,28,16,7,12,5,Oui,0
Etudiant_402,22,Femme,Rural,Supérieur,14.5,23,72,2,11,5,Non,1
Etudiant_403,21,Femme,Urbain,Aucun,0.2,48,62,29,14,3,Non,0
Etudiant_404,28,Homme,Rural,Supérieur,13.1,17,100,3,8,1,Non,1
Etudiant_405,29,Femme,Rural,Supérieur,13.9,6,43,10,6,5,Oui,2
Etudiant_406,23,Femme,Rural,Supérieur,1.2,8,87,36,14,4,Non,1
Etudiant_407,21,Femme,Rural,Aucun,2.4,5,97,27,9,9,Oui,1
Etudiant_408,22,Femme,Rural,Supérieur,6.1,11,6,46,16,1,Non,0
Etudiant_409,24,Femme,Périurbain,Aucun,8.1,27,5,25,19,6,Oui,0
Etudiant_410,20,Femme,Urbain,Secondaire,10.1,28,12,31,12,8,Non,2
Etudiant_411,28,Homme,Rural,Secondaire,17.9,35,80,1,18,2,Oui,0
Etudiant_412,28,Homme,Rural,Aucun,14.1,35,100,24,3,10,Oui,1
Etudiant_413,22,Femme,Rural,Supérieur,6.2,32,58,43,0,9,Non,1
Etudiant_414,25,Femme,Périurbain,Secondaire,2.3,26,2,27,16,4,Non,0
Etudiant_415,23,Femme,Rural,Aucun,18.3,6,15,11,11,9,Non,2
Etudiant_416,30,Homme,Rural,Supérieur,5.9,1,20,22,17,7,Oui,0
Etudiant_417,19,Homme,Urbain,Secondaire,12.3,5,56,13,20,4,Non,1
Etudiant_418,18,Homme,Périurbain,Aucun,4.4,22,58,11,19,9,Oui,0
Etudiant_419,25,Homme,Rural,Supérieur,2.7,35,0,17,19,5,Non,0
Etudiant_420,27,Femme,Urbain,Supérieur,3.1,5,54,17,9,1,Oui,0
Etudiant_421,27,Homme,Urbain,Aucun,15.0,38,25,28,9,7,Non,2
Etudiant_422,19,Homme,Urbain,Supérieur,12.1,38,88,9,3,7,Non,1
Etudiant_423,19,Femme,Urbain,Secondaire,8.3,50,16,2,15,7,Oui,0
Etudiant_424,26,Femme,Rural,Aucun,11.0,20,83,39,2,6,Oui,1
Etudiant_425,21,Femme,Urbain,Supérieur,9.4,24,38,39,10,9,Non,2
Etudiant_426,26,Homme,Périurbain,Supérieur,10.8,0,20,39,8,1,Non,2
Etudiant_427,22,Femme,Périurbain,Supérieur,13.3,18,35,15,20,1,Non,0
Etudiant_428,20,Femme,Rural,Supérieur,4.4,26,11,41,10,5,Oui,0
Etudiant_429,23,Homme,Urbain,Supérieur,4.9,24,83,18,8,4,Non,1
Etudiant_430,19,Femme,Périurbain,Aucun,15.1,49,46,31,8,10,Oui,2
Etudiant_431,21,Femme,Urbain,Secondaire,17.5,5,32,26,20,8,Oui,2
Etudiant_432,23,Femme,Périurbain,Secondaire,1.6,46,10,35,20,4,Non,0
Etudiant_433,22,Femme,Périurbain,Aucun,8.9,35,47,30,9,6,Oui,2
Etudiant_434,20,Femme,Périurbain,Supérieur,14.1,15,85,3,6,10,Oui,1
Etudiant_435,25,Homme,Rural,Secondaire,1.6,36,83,5,4,9,Oui,1
Etudiant_436,26,Homme,Périurbain,Secondaire,11.3,33,21,17,16,10,Non,0
Etudiant_437,29,Femme,Urbain,Secondaire,1.2,10,6,24,7,4,Oui,0
Etudiant_438,22,Femme,Rural,Supérieur,11.0,43,50,8,1,4,Oui,2
Etudiant_439,27,Femme,Rural,Aucun,10.1,24,80,26,19,5,Oui,0
Etudiant_440,30,Femme,Périurbain,Secondaire,11.5,10,39,12,12,8,Oui,0
Etudiant_441,28,Femme,Rural,Aucun,3.0,8,92,41,10,3,Non,1
Etudiant_442,26,Homme,Périurbain,Secondaire,6.6,17,89,33,4,2,Oui,1
Etudiant_443,18,Femme,Urbain,Aucun,10.4,19,96,15,0,3,Oui,1
Etudiant_444,28,Homme,Rural,Supérieur,2.3,17,29,40,20,3,Oui,0
Etudiant_445,26,Femme,Périurbain,Supérieur,4.1,31,54,34,15,9,Oui,0
Etudiant_446,22,Femme,Rural,Supérieur,11.7,9,83,50,9,2,Non,1
Etudiant_447,28,Femme,Rural,Aucun,1.8,4,11,1,8,7,Oui,0
Etudiant_448,19,Homme,Urbain,Supérieur,10.2,10,90,24,13,1,Oui,1
Etudiant_449,20,Femme,Périurbain,Supérieur,16.2,27,12,50,12,7,Non,2
Etudiant_450,22,Homme,Périurbain,Secondaire,9.1,17,0,45,12,5,Non,2
Etudiant_451,19,Femme,Urbain,Aucun,10.3,26,27,22,1,9,Non,2
Etudiant_452,19,Femme,Urbain,Aucun,9.1,19,61,30,18,5,Non,1
Etudiant_453,29,Homme,Périurbain,Secondaire,1.2,30,9,34,18,3,Non,0
Etudiant_454,26,Homme,Rural,Supérieur,9.2,50,16,50,6,3,Non,0
Etudiant_455,20,Femme,Urbain,Secondaire,16.1,4,75,31,10,10,Oui,1
Etudiant_456,22,Femme,Urbain,Supérieur,14.5,23,28,22,7,5,Non,2
Etudiant_457,22,Femme,Rural,Aucun,7.9,16,66,36,17,1,Non,1
Etudiant_458,27,Homme,Périurbain,Supérieur,16.3,15,87,32,20,6,Oui,1
Etudiant_459,21,Homme,Rural,Secondaire,14.9,46,56,20,15,8,Oui,2
Etudiant_460,29,Femme,Urbain,Supérieur,11.6,40,1,24,11,3,Oui,0
Etudiant_461,23,Homme,Rural,Secondaire,0.9,31,1,17,16,1,Non,0
Etudiant_462,21,Femme,Périurbain,Supérieur,6.9,38,89,11,9,3,Non,1
Etudiant_463,28,Femme,Urbain,Aucun,1.3,39,43,1,5,6,Oui,0
Etudiant_464,28,Femme,Rural,Aucun,19.9,12,15,20,17,10,Non,2
Etudiant_465,22,Homme,Périurbain,Aucun,18.7,29,54,38,5,1,Non,2
Etudiant_466,26,Homme,Périurbain,Supérieur,1.4,6,88,14,9,10,Oui,1
Etudiant_467,25,Homme,Périurbain,Secondaire,18.7,8,16,1,3,5,Non,2
Etudiant_468,22,Homme,Périurbain,Aucun,0.6,19,61,49,15,8,Oui,1
Etudiant_469,18,Femme,Périurbain,Secondaire,8.2,0,9,17,4,10,Non,2
Etudiant_470,19,Homme,Périurbain,Aucun,15.4,25,29,3,8,9,Non,2
Etudiant_471,28,Femme,Urbain,Aucun,15.3,21,49,30,17,6,Oui,0
Etudiant_472,24,Homme,Périurbain,Aucun,19.6,39,11,33,5,2,Oui,2
Etudiant_473,22,Homme,Périurbain,Aucun,12.9,24,93,22,10,6,Oui,1
Etudiant_474,18,Homme,Périurbain,Secondaire,8.4,21,13,49,20,9,Non,2
Etudiant_475,18,Femme,Rural,Secondaire,19.9,28,13,37,2,4,Oui,2
Etudiant_476,23,Homme,Urbain,Supérieur,7.6,21,40,14,7,3,Non,2
Etudiant_477,30,Homme,Urbain,Secondaire,17.4,27,47,10,11,9,Non,2
Etudiant_478,20,Femme,Rural,Supérieur,18.1,41,38,6,7,2,Non,2
Etudiant_479,28,Femme,Périurbain,Secondaire,7.5,38,17,15,9,9,Oui,0
Etudiant_480,22,Femme,Rural,Secondaire,13.7,8,48,42,13,3,Non,1
Etudiant_481,20,Femme,Rural,Aucun,13.2,19,99,15,10,7,Oui,1
Etudiant_482,29,Femme,Rural,Supérieur,10.8,20,96,17,11,9,Non,1
Etudiant_483,25,Femme,Urbain,Aucun,13.1,38,17,34,8,9,Non,2
Etudiant_484,26,Homme,Urbain,Secondaire,7.0,44,82,50,18,7,Non,1
Etudiant_485,29,Femme,Urbain,Secondaire,3.6,12,86,47,9,2,Non,1
Etudiant_486,24,Homme,Périurbain,Aucun,10.7,30,18,3,14,6,Oui,0
Etudiant_487,26,Femme,Périurbain,Supérieur,10.6,20,8,48,3,4,Non,2
Etudiant_488,18,Homme,Rural,Secondaire,14.6,11,67,14,15,4,Non,1
Etudiant_489,19,Homme,Urbain,Secondaire,4.5,25,72,36,1,6,Oui,1
Etudiant_490,19,Homme,Urbain,Aucun,0.1,20,1,24,20,6,Non,0
Etudiant_491,29,Femme,Périurbain,Secondaire,0.5,18,78,22,18,6,Non,0
Etudiant_492,20,Femme,Périurbain,Secondaire,6.0,47,83,11,18,5,Non,0
Etudiant_493,26,Femme,Urbain,Secondaire,13.5,44,21,11,19,4,Non,0
Etudiant_494,18,Femme,Urbain,Supérieur,10.9,40,56,15,2,10,Non,2
Etudiant_495,23,Homme,Périurbain,Secondaire,10.6,31,44,37,15,9,Non,0
Etudiant_496,27,Femme,Périurbain,Secondaire,16.5,36,92,20,6,8,Oui,1
Etudiant_497,26,Femme,Urbain,Secondaire,5.0,50,27,47,16,9,Oui,0
Etudiant_498,20,Femme,Rural,Aucun,6.9,15,80,44,3,1,Oui,1
Etudiant_499,24,Homme,Rural,Secondaire,5.5,20,95,22,12,2,Oui,1
Etudiant_500,20,Femme,Rural,Supérieur,18.7,24,19,37,16,6,Non,2
